Datetime,Water Level (m)
2025-10-31 12:00:00,0.4744156
2025-10-31 13:00:00,0.49553424
2025-10-31 14:00:00,0.42848247
2025-10-31 15:00:00,0.25812343
2025-10-31 16:00:00,0.04023696
2025-10-31 17:00:00,-0.13777831
2025-10-31 18:00:00,-0.2608378
2025-10-31 19:00:00,-0.3261297
2025-10-31 20:00:00,-0.29489556
2025-10-31 21:00:00,-0.049947407
2025-10-31 22:00:00,0.25998938
2025-10-31 23:00:00,0.47535947
2025-11-01 00:00:00,0.6174074
2025-11-01 01:00:00,0.669931
2025-11-01 02:00:00,0.6224344
2025-11-01 03:00:00,0.4550677
2025-11-01 04:00:00,0.19723447
2025-11-01 05:00:00,-0.034263045
2025-11-01 06:00:00,-0.2222859
2025-11-01 07:00:00,-0.37486896
2025-11-01 08:00:00,-0.48429826
2025-11-01 09:00:00,-0.45733917
2025-11-01 10:00:00,-0.11156111
2025-11-01 11:00:00,0.21955043
2025-11-01 12:00:00,0.46099094
2025-11-01 13:00:00,0.6242846
2025-11-01 14:00:00,0.68229836
2025-11-01 15:00:00,0.61520875
2025-11-01 16:00:00,0.39504787
2025-11-01 17:00:00,0.12845178
2025-11-01 18:00:00,-0.0779298
2025-11-01 19:00:00,-0.24510641
2025-11-01 20:00:00,-0.37314895
2025-11-01 21:00:00,-0.40109378
2025-11-01 22:00:00,-0.15682414
2025-11-01 23:00:00,0.24056283
2025-11-02 00:00:00,0.51343524
2025-11-02 01:00:00,0.70514226
2025-11-02 02:00:00,0.79080355
2025-11-02 03:00:00,0.7351423
2025-11-02 04:00:00,0.5098296
2025-11-02 05:00:00,0.19498299
2025-11-02 06:00:00,-0.06652491
2025-11-02 07:00:00,-0.2876937
2025-11-02 08:00:00,-0.47498465
2025-11-02 09:00:00,-0.59926707
2025-11-02 10:00:00,-0.5255495
2025-11-02 11:00:00,-0.018830575
2025-11-02 12:00:00,0.35189232
2025-11-02 13:00:00,0.6363084
2025-11-02 14:00:00,0.8242927
2025-11-02 15:00:00,0.8730535
2025-11-02 16:00:00,0.7454713
2025-11-02 17:00:00,0.43653667
2025-11-02 18:00:00,0.12389514
2025-11-02 19:00:00,-0.12688296
2025-11-02 20:00:00,-0.33664313
2025-11-02 21:00:00,-0.5130312
2025-11-02 22:00:00,-0.57864183
2025-11-02 23:00:00,-0.27367905
2025-11-03 00:00:00,0.21997285
2025-11-03 01:00:00,0.5546958
2025-11-03 02:00:00,0.78264135
2025-11-03 03:00:00,0.8469836
2025-11-03 04:00:00,0.7232319
2025-11-03 05:00:00,0.40640512
2025-11-03 06:00:00,0.06548796
2025-11-03 07:00:00,-0.195306
2025-11-03 08:00:00,-0.4232022
2025-11-03 09:00:00,-0.6226921
2025-11-03 10:00:00,-0.74511933
2025-11-03 11:00:00,-0.57811993
2025-11-03 12:00:00,0.02202834
2025-11-03 13:00:00,0.4311801
2025-11-03 14:00:00,0.7592625
2025-11-03 15:00:00,0.9599102
2025-11-03 16:00:00,0.9742379
2025-11-03 17:00:00,0.784969
2025-11-03 18:00:00,0.4149001
2025-11-03 19:00:00,0.08510638
2025-11-03 20:00:00,-0.17891301
2025-11-03 21:00:00,-0.40503746
2025-11-03 22:00:00,-0.5930469
2025-11-03 23:00:00,-0.6552548
2025-11-04 00:00:00,-0.20130573
2025-11-04 01:00:00,0.2837073
2025-11-04 02:00:00,0.6370623
2025-11-04 03:00:00,0.86423224
2025-11-04 04:00:00,0.91154766
2025-11-04 05:00:00,0.7388251
2025-11-04 06:00:00,0.35975748
2025-11-04 07:00:00,0.006545729
2025-11-04 08:00:00,-0.26467466
2025-11-04 09:00:00,-0.4985188
2025-11-04 10:00:00,-0.69870996
2025-11-04 11:00:00,-0.8090017
2025-11-04 12:00:00,-0.44534355
2025-11-04 13:00:00,0.16126303
2025-11-04 14:00:00,0.6197244
2025-11-04 15:00:00,0.97835475
2025-11-04 16:00:00,1.156368
2025-11-04 17:00:00,1.1125108
2025-11-04 18:00:00,0.8249963
2025-11-04 19:00:00,0.42160943
2025-11-04 20:00:00,0.094778895
2025-11-04 21:00:00,-0.18078968
2025-11-04 22:00:00,-0.41484794
2025-11-04 23:00:00,-0.5997767
2025-11-05 00:00:00,-0.62602895
2025-11-05 01:00:00,-0.004178431
2025-11-05 02:00:00,0.45187378
2025-11-05 03:00:00,0.79721504
2025-11-05 04:00:00,0.9940999
2025-11-05 05:00:00,0.9791748
2025-11-05 06:00:00,0.7164034
2025-11-05 07:00:00,0.30071747
2025-11-05 08:00:00,-0.030689023
2025-11-05 09:00:00,-0.2887284
2025-11-05 10:00:00,-0.5200555
2025-11-05 11:00:00,-0.7100738
2025-11-05 12:00:00,-0.7731931
2025-11-05 13:00:00,-0.18906783
2025-11-05 14:00:00,0.37545726
2025-11-05 15:00:00,0.8495561
2025-11-05 16:00:00,1.1909167
2025-11-05 17:00:00,1.3216443
2025-11-05 18:00:00,1.1886164
2025-11-05 19:00:00,0.8026272
2025-11-05 20:00:00,0.3958144
2025-11-05 21:00:00,0.082151465
2025-11-05 22:00:00,-0.19362384
2025-11-05 23:00:00,-0.433049
2025-11-06 00:00:00,-0.60289526
2025-11-06 01:00:00,-0.54070777
2025-11-06 02:00:00,0.1453377
2025-11-06 03:00:00,0.565871
2025-11-06 04:00:00,0.87815315
2025-11-06 05:00:00,1.0144042
2025-11-06 06:00:00,0.92236215
2025-11-06 07:00:00,0.58792907
2025-11-06 08:00:00,0.18776046
2025-11-06 09:00:00,-0.11060288
2025-11-06 10:00:00,-0.36130396
2025-11-06 11:00:00,-0.58639777
2025-11-06 12:00:00,-0.7573795
